<application>
  <component name="ConsoleFoldingSettings">
    <option name="addedPositive">
      <list>
        <option value="06-14 16:18:07.204 E/DebugLogTracker: kotlin.UninitializedPropertyAccessException: lateinit property writer has not been initialized" />
        <option value="at in.kitecash.tab._analytics.DebugLogTracker.writeToQALogs(DebugLogTracker.kt:43)" />
        <option value="E/DebugLogTracke" />
        <option value="E/libc: Access denied finding property &quot;vendor.debug.egl.swapinterval&quot;" />
        <option value="isSBSettingEnabled" />
        <option value="RenderThread" />
        <option value="setTypeface" />
        <option value="W/RenderThread: type=1400 audit(0.0:1145794): avc: denied { read } for name=&quot;u:object_r:vendor_default_prop:s0&quot; dev=&quot;tmpfs&quot; ino=21303 scontext=u:r:untrusted_app_27:s0:c512,c768 tcontext=u:object_r:vendor_default_prop:s0 tclass=file permissive=0" />
        <option value="W/RenderThread: type=1400 audit(0.0:1145875): avc: denied { read } for name=&quot;u:object_r:vendor_default_prop:s0&quot; dev=&quot;tmpfs&quot; ino=21303 scontext=u:r:untrusted_app_27:s0:c512,c768 tcontext=u:object_r:vendor_default_prop:s0 tclass=file permissive=0" />
        <option value="W/.kite.tab.debug: type=1400 audit(0.0:2960745): avc: denied { read } for name=&quot;u:object_r:vendor_iop_prop:s0&quot; dev=&quot;tmpfs&quot; ino=23827 scontext=u:r:untrusted_app_27:s0:c512,c768 tcontext=u:object_r:vendor_iop_prop:s0 tclass=file permissive=0" />
      </list>
    </option>
  </component>
</application>