<application>
  <component name="ParameterNameHintsSettings">
    <blacklists>
      <blacklist language="Kotlin">
        <added pattern="in.kitecash.tab.transactions.Transaction(id,remoteId,reportId,reportName,type,merchant,categoryId,transactionStatusKey,amount,description,reimbursementStatus,receiptStatus,flagged,timestamp,updated,syncStatus,uploadingReceiptsStatus,marked)" />
      </blacklist>
    </blacklists>
    <option id="SHOW_FUNCTION_HINT" value="true" />
  </component>
</application>