<keymap version="1" name="Default for XWin copy" parent="Default for XWin">
  <action id="ActivateLogcatToolWindow">
    <keyboard-shortcut first-keystroke="alt 6" />
  </action>
  <action id="ActivateTODOToolWindow" />
  <action id="AndroidConnectDebuggerAction">
    <keyboard-shortcut first-keystroke="shift ctrl alt d" />
  </action>
  <action id="CleanGradleProject">
    <keyboard-shortcut first-keystroke="shift ctrl alt z" />
  </action>
  <action id="CloseAllEditors">
    <keyboard-shortcut first-keystroke="shift ctrl alt x" />
  </action>
  <action id="CompareClipboardWithSelection">
    <keyboard-shortcut first-keystroke="shift ctrl alt back_slash" />
  </action>
  <action id="ConsoleView.ClearAll">
    <keyboard-shortcut first-keystroke="shift ctrl alt period" />
  </action>
  <action id="EditorToggleShowWhitespaces">
    <keyboard-shortcut first-keystroke="shift ctrl alt semicolon" />
  </action>
  <action id="IntroduceTypeAlias" />
  <action id="Kotlin.NewFile">
    <keyboard-shortcut first-keystroke="shift ctrl alt minus" />
  </action>
  <action id="NewClass">
    <keyboard-shortcut first-keystroke="shift ctrl alt equals" />
  </action>
  <action id="NewDir">
    <keyboard-shortcut first-keystroke="shift ctrl alt f" />
  </action>
  <action id="NextSplitter">
    <keyboard-shortcut first-keystroke="alt page_down" />
  </action>
  <action id="PrevSplitter">
    <keyboard-shortcut first-keystroke="alt page_up" />
  </action>
  <action id="RebuildGradleProject">
    <keyboard-shortcut first-keystroke="shift ctrl alt g" />
  </action>
  <action id="RevealIn">
    <keyboard-shortcut first-keystroke="shift ctrl alt o" />
  </action>
  <action id="ShowSettings">
    <keyboard-shortcut first-keystroke="shift ctrl s" />
  </action>
  <action id="SplitHorizontally">
    <keyboard-shortcut first-keystroke="alt h" />
  </action>
  <action id="SplitVertically">
    <keyboard-shortcut first-keystroke="alt v" />
  </action>
  <action id="ToggleDistractionFreeMode">
    <keyboard-shortcut first-keystroke="shift ctrl alt enter" />
  </action>
  <action id="ToggleFullScreen">
    <keyboard-shortcut first-keystroke="shift ctrl alt space" />
  </action>
  <action id="UpdateRunningApplication" />
  <action id="android.deploy.ApplyChanges">
    <keyboard-shortcut first-keystroke="ctrl f10" />
  </action>
  <action id="android.deploy.CodeSwap">
    <keyboard-shortcut first-keystroke="shift ctrl alt f10" />
  </action>
</keymap>